Date,PAYEMS,BLS_annual,diff_monthly,diff_yoy,Source
1939-01-01,29923000,,,,BLS monthly series
1939-02-01,30100000,,177000.0,,BLS monthly series
1939-03-01,30280000,,180000.0,,BLS monthly series
1939-04-01,30094000,,-186000.0,,BLS monthly series
1939-05-01,30299000,,205000.0,,BLS monthly series
1939-06-01,30502000,,203000.0,,BLS monthly series
1939-07-01,30419000,,-83000.0,,BLS monthly series
1939-08-01,30663000,,244000.0,,BLS monthly series
1939-09-01,31031000,,368000.0,,BLS monthly series
1939-10-01,31411000,,380000.0,,BLS monthly series
1939-11-01,31470000,,59000.0,,BLS monthly series
1939-12-01,31542000,,72000.0,,BLS monthly series
1940-01-01,31603000,,61000.0,1680000.0,BLS monthly series
1940-02-01,31715000,,112000.0,1615000.0,BLS monthly series
1940-03-01,31825000,,110000.0,1545000.0,BLS monthly series
1940-04-01,31701000,,-124000.0,1607000.0,BLS monthly series
1940-05-01,31879000,,178000.0,1580000.0,BLS monthly series
1940-06-01,31977000,,98000.0,1475000.0,BLS monthly series
1940-07-01,31942000,,-35000.0,1523000.0,BLS monthly series
1940-08-01,32352000,,410000.0,1689000.0,BLS monthly series
1940-09-01,32810000,,458000.0,1779000.0,BLS monthly series
1940-10-01,33267000,,457000.0,1856000.0,BLS monthly series
1940-11-01,33669000,,402000.0,2199000.0,BLS monthly series
1940-12-01,34174000,,505000.0,2632000.0,BLS monthly series
1941-01-01,34481000,,307000.0,2878000.0,BLS monthly series
1941-02-01,34843000,,362000.0,3128000.0,BLS monthly series
1941-03-01,35092000,,249000.0,3267000.0,BLS monthly series
1941-04-01,35468000,,376000.0,3767000.0,BLS monthly series
1941-05-01,36182000,,714000.0,4303000.0,BLS monthly series
1941-06-01,36650000,,468000.0,4673000.0,BLS monthly series
1941-07-01,37137000,,487000.0,5195000.0,BLS monthly series
1941-08-01,37544000,,407000.0,5192000.0,BLS monthly series
1941-09-01,37835000,,291000.0,5025000.0,BLS monthly series
1941-10-01,37949000,,114000.0,4682000.0,BLS monthly series
1941-11-01,38024000,,75000.0,4355000.0,BLS monthly series
1941-12-01,38104000,,80000.0,3930000.0,BLS monthly series
1942-01-01,38347000,,243000.0,3866000.0,BLS monthly series
1942-02-01,38512000,,165000.0,3669000.0,BLS monthly series
1942-03-01,38935000,,423000.0,3843000.0,BLS monthly series
1942-04-01,39352000,,417000.0,3884000.0,BLS monthly series
1942-05-01,39771000,,419000.0,3589000.0,BLS monthly series
1942-06-01,40029000,,258000.0,3379000.0,BLS monthly series
1942-07-01,40472000,,443000.0,3335000.0,BLS monthly series
1942-08-01,40988000,,516000.0,3444000.0,BLS monthly series
1942-09-01,41259000,,271000.0,3424000.0,BLS monthly series
1942-10-01,41515000,,256000.0,3566000.0,BLS monthly series
1942-11-01,41674000,,159000.0,3650000.0,BLS monthly series
1942-12-01,41915000,,241000.0,3811000.0,BLS monthly series
1943-01-01,42172000,,257000.0,3825000.0,BLS monthly series
1943-02-01,42393000,,221000.0,3881000.0,BLS monthly series
1943-03-01,42552000,,159000.0,3617000.0,BLS monthly series
1943-04-01,42647000,,95000.0,3295000.0,BLS monthly series
1943-05-01,42596000,,-51000.0,2825000.0,BLS monthly series
1943-06-01,42781000,,185000.0,2752000.0,BLS monthly series
1943-07-01,42700000,,-81000.0,2228000.0,BLS monthly series
1943-08-01,42546000,,-154000.0,1558000.0,BLS monthly series
1943-09-01,42492000,,-54000.0,1233000.0,BLS monthly series
1943-10-01,42675000,,183000.0,1160000.0,BLS monthly series
1943-11-01,42821000,,146000.0,1147000.0,BLS monthly series
1943-12-01,42746000,,-75000.0,831000.0,BLS monthly series
1944-01-01,42654000,,-92000.0,482000.0,BLS monthly series
1944-02-01,42538000,,-116000.0,145000.0,BLS monthly series
1944-03-01,42294000,,-244000.0,-258000.0,BLS monthly series
1944-04-01,42063000,,-231000.0,-584000.0,BLS monthly series
1944-05-01,41985000,,-78000.0,-611000.0,BLS monthly series
1944-06-01,41947000,,-38000.0,-834000.0,BLS monthly series
1944-07-01,41904000,,-43000.0,-796000.0,BLS monthly series
1944-08-01,41850000,,-54000.0,-696000.0,BLS monthly series
1944-09-01,41679000,,-171000.0,-813000.0,BLS monthly series
1944-10-01,41708000,,29000.0,-967000.0,BLS monthly series
1944-11-01,41711000,,3000.0,-1110000.0,BLS monthly series
1944-12-01,41860000,,149000.0,-886000.0,BLS monthly series
1945-01-01,41895000,,35000.0,-759000.0,BLS monthly series
1945-02-01,41897000,,2000.0,-641000.0,BLS monthly series
1945-03-01,41798000,,-99000.0,-496000.0,BLS monthly series
1945-04-01,41446000,,-352000.0,-617000.0,BLS monthly series
1945-05-01,41304000,,-142000.0,-681000.0,BLS monthly series
1945-06-01,41149000,,-155000.0,-798000.0,BLS monthly series
1945-07-01,40874000,,-275000.0,-1030000.0,BLS monthly series
1945-08-01,40466000,,-408000.0,-1384000.0,BLS monthly series
1945-09-01,38507000,,-1959000.0,-3172000.0,BLS monthly series
1945-10-01,38600000,,93000.0,-3108000.0,BLS monthly series
1945-11-01,38996000,,396000.0,-2715000.0,BLS monthly series
1945-12-01,39110000,,114000.0,-2750000.0,BLS monthly series
1946-01-01,39829000,,719000.0,-2066000.0,BLS monthly series
1946-02-01,39244000,,-585000.0,-2653000.0,BLS monthly series
1946-03-01,40195000,,951000.0,-1603000.0,BLS monthly series
1946-04-01,40913000,,718000.0,-533000.0,BLS monthly series
1946-05-01,41349000,,436000.0,45000.0,BLS monthly series
1946-06-01,41735000,,386000.0,586000.0,BLS monthly series
1946-07-01,42153000,,418000.0,1279000.0,BLS monthly series
1946-08-01,42642000,,489000.0,2176000.0,BLS monthly series
1946-09-01,42915000,,273000.0,4408000.0,BLS monthly series
1946-10-01,43093000,,178000.0,4493000.0,BLS monthly series
1946-11-01,43395000,,302000.0,4399000.0,BLS monthly series
1946-12-01,43379000,,-16000.0,4269000.0,BLS monthly series
1947-01-01,43535000,,156000.0,3706000.0,BLS monthly series
1947-02-01,43557000,,22000.0,4313000.0,BLS monthly series
1947-03-01,43607000,,50000.0,3412000.0,BLS monthly series
1947-04-01,43499000,,-108000.0,2586000.0,BLS monthly series
1947-05-01,43638000,,139000.0,2289000.0,BLS monthly series
1947-06-01,43810000,,172000.0,2075000.0,BLS monthly series
1947-07-01,43743000,,-67000.0,1590000.0,BLS monthly series
1947-08-01,43960000,,217000.0,1318000.0,BLS monthly series
1947-09-01,44203000,,243000.0,1288000.0,BLS monthly series
1947-10-01,44411000,,208000.0,1318000.0,BLS monthly series
1947-11-01,44484000,,73000.0,1089000.0,BLS monthly series
1947-12-01,44581000,,97000.0,1202000.0,BLS monthly series
1948-01-01,44679000,,98000.0,1144000.0,BLS monthly series
1948-02-01,44533000,,-146000.0,976000.0,BLS monthly series
1948-03-01,44683000,,150000.0,1076000.0,BLS monthly series
1948-04-01,44379000,,-304000.0,880000.0,BLS monthly series
1948-05-01,44796000,,417000.0,1158000.0,BLS monthly series
1948-06-01,45034000,,238000.0,1224000.0,BLS monthly series
1948-07-01,45160000,,126000.0,1417000.0,BLS monthly series
1948-08-01,45178000,,18000.0,1218000.0,BLS monthly series
1948-09-01,45294000,,116000.0,1091000.0,BLS monthly series
1948-10-01,45245000,,-49000.0,834000.0,BLS monthly series
1948-11-01,45192000,,-53000.0,708000.0,BLS monthly series
1948-12-01,45032000,,-160000.0,451000.0,BLS monthly series
1949-01-01,44668000,,-364000.0,-11000.0,BLS monthly series
1949-02-01,44497000,,-171000.0,-36000.0,BLS monthly series
1949-03-01,44240000,,-257000.0,-443000.0,BLS monthly series
1949-04-01,44236000,,-4000.0,-143000.0,BLS monthly series
1949-05-01,43984000,,-252000.0,-812000.0,BLS monthly series
1949-06-01,43739000,,-245000.0,-1295000.0,BLS monthly series
1949-07-01,43531000,,-208000.0,-1629000.0,BLS monthly series
1949-08-01,43624000,,93000.0,-1554000.0,BLS monthly series
1949-09-01,43780000,,156000.0,-1514000.0,BLS monthly series
1949-10-01,42942000,,-838000.0,-2303000.0,BLS monthly series
1949-11-01,43242000,,300000.0,-1950000.0,BLS monthly series
1949-12-01,43522000,,280000.0,-1510000.0,BLS monthly series
1950-01-01,43526000,,4000.0,-1142000.0,BLS monthly series
1950-02-01,43297000,,-229000.0,-1200000.0,BLS monthly series
1950-03-01,43954000,,657000.0,-286000.0,BLS monthly series
1950-04-01,44382000,,428000.0,146000.0,BLS monthly series
1950-05-01,44718000,,336000.0,734000.0,BLS monthly series
1950-06-01,45083000,,365000.0,1344000.0,BLS monthly series
1950-07-01,45454000,,371000.0,1923000.0,BLS monthly series
1950-08-01,46192000,,738000.0,2568000.0,BLS monthly series
1950-09-01,46438000,,246000.0,2658000.0,BLS monthly series
1950-10-01,46706000,,268000.0,3764000.0,BLS monthly series
1950-11-01,46776000,,70000.0,3534000.0,BLS monthly series
1950-12-01,46861000,,85000.0,3339000.0,BLS monthly series
1951-01-01,47288000,,427000.0,3762000.0,BLS monthly series
1951-02-01,47577000,,289000.0,4280000.0,BLS monthly series
1951-03-01,47873000,,296000.0,3919000.0,BLS monthly series
1951-04-01,47861000,,-12000.0,3479000.0,BLS monthly series
1951-05-01,47952000,,91000.0,3234000.0,BLS monthly series
1951-06-01,48064000,,112000.0,2981000.0,BLS monthly series
1951-07-01,48061000,,-3000.0,2607000.0,BLS monthly series
1951-08-01,48012000,,-49000.0,1820000.0,BLS monthly series
1951-09-01,47954000,,-58000.0,1516000.0,BLS monthly series
1951-10-01,48006000,,52000.0,1300000.0,BLS monthly series
1951-11-01,48147000,,141000.0,1371000.0,BLS monthly series
1951-12-01,48314000,,167000.0,1453000.0,BLS monthly series
1952-01-01,48296000,,-18000.0,1008000.0,BLS monthly series
1952-02-01,48522000,,226000.0,945000.0,BLS monthly series
1952-03-01,48504000,,-18000.0,631000.0,BLS monthly series
1952-04-01,48620000,,116000.0,759000.0,BLS monthly series
1952-05-01,48642000,,22000.0,690000.0,BLS monthly series
1952-06-01,48282000,,-360000.0,218000.0,BLS monthly series
1952-07-01,48143000,,-139000.0,82000.0,BLS monthly series
1952-08-01,48924000,,781000.0,912000.0,BLS monthly series
1952-09-01,49320000,,396000.0,1366000.0,BLS monthly series
1952-10-01,49597000,,277000.0,1591000.0,BLS monthly series
1952-11-01,49816000,,219000.0,1669000.0,BLS monthly series
1952-12-01,50166000,,350000.0,1852000.0,BLS monthly series
1953-01-01,50144000,,-22000.0,1848000.0,BLS monthly series
1953-02-01,50339000,,195000.0,1817000.0,BLS monthly series
1953-03-01,50473000,,134000.0,1969000.0,BLS monthly series
1953-04-01,50435000,,-38000.0,1815000.0,BLS monthly series
1953-05-01,50490000,,55000.0,1848000.0,BLS monthly series
1953-06-01,50519000,,29000.0,2237000.0,BLS monthly series
1953-07-01,50536000,,17000.0,2393000.0,BLS monthly series
1953-08-01,50489000,,-47000.0,1565000.0,BLS monthly series
1953-09-01,50368000,,-121000.0,1048000.0,BLS monthly series
1953-10-01,50240000,,-128000.0,643000.0,BLS monthly series
1953-11-01,49908000,,-332000.0,92000.0,BLS monthly series
1953-12-01,49703000,,-205000.0,-463000.0,BLS monthly series
1954-01-01,49469000,,-234000.0,-675000.0,BLS monthly series
1954-02-01,49382000,,-87000.0,-957000.0,BLS monthly series
1954-03-01,49157000,,-225000.0,-1316000.0,BLS monthly series
1954-04-01,49179000,,22000.0,-1256000.0,BLS monthly series
1954-05-01,48965000,,-214000.0,-1525000.0,BLS monthly series
1954-06-01,48895000,,-70000.0,-1624000.0,BLS monthly series
1954-07-01,48835000,,-60000.0,-1701000.0,BLS monthly series
1954-08-01,48826000,,-9000.0,-1663000.0,BLS monthly series
1954-09-01,48886000,,60000.0,-1482000.0,BLS monthly series
1954-10-01,48942000,,56000.0,-1298000.0,BLS monthly series
1954-11-01,49180000,,238000.0,-728000.0,BLS monthly series
1954-12-01,49331000,,151000.0,-372000.0,BLS monthly series
1955-01-01,49496000,,165000.0,27000.0,BLS monthly series
1955-02-01,49644000,,148000.0,262000.0,BLS monthly series
1955-03-01,49962000,,318000.0,805000.0,BLS monthly series
1955-04-01,50248000,,286000.0,1069000.0,BLS monthly series
1955-05-01,50512000,,264000.0,1547000.0,BLS monthly series
1955-06-01,50790000,,278000.0,1895000.0,BLS monthly series
1955-07-01,50987000,,197000.0,2152000.0,BLS monthly series
1955-08-01,51111000,,124000.0,2285000.0,BLS monthly series
1955-09-01,51266000,,155000.0,2380000.0,BLS monthly series
1955-10-01,51429000,,163000.0,2487000.0,BLS monthly series
1955-11-01,51592000,,163000.0,2412000.0,BLS monthly series
1955-12-01,51805000,,213000.0,2474000.0,BLS monthly series
1956-01-01,51975000,,170000.0,2479000.0,BLS monthly series
1956-02-01,52167000,,192000.0,2523000.0,BLS monthly series
1956-03-01,52294000,,127000.0,2332000.0,BLS monthly series
1956-04-01,52375000,,81000.0,2127000.0,BLS monthly series
1956-05-01,52506000,,131000.0,1994000.0,BLS monthly series
1956-06-01,52586000,,80000.0,1796000.0,BLS monthly series
1956-07-01,51955000,,-631000.0,968000.0,BLS monthly series
1956-08-01,52631000,,676000.0,1520000.0,BLS monthly series
1956-09-01,52604000,,-27000.0,1338000.0,BLS monthly series
1956-10-01,52777000,,173000.0,1348000.0,BLS monthly series
1956-11-01,52821000,,44000.0,1229000.0,BLS monthly series
1956-12-01,52929000,,108000.0,1124000.0,BLS monthly series
1957-01-01,52887000,,-42000.0,912000.0,BLS monthly series
1957-02-01,53097000,,210000.0,930000.0,BLS monthly series
1957-03-01,53156000,,59000.0,862000.0,BLS monthly series
1957-04-01,53238000,,82000.0,863000.0,BLS monthly series
1957-05-01,53150000,,-88000.0,644000.0,BLS monthly series
1957-06-01,53067000,,-83000.0,481000.0,BLS monthly series
1957-07-01,53123000,,56000.0,1168000.0,BLS monthly series
1957-08-01,53128000,,5000.0,497000.0,BLS monthly series
1957-09-01,52934000,,-194000.0,330000.0,BLS monthly series
1957-10-01,52763000,,-171000.0,-14000.0,BLS monthly series
1957-11-01,52558000,,-205000.0,-263000.0,BLS monthly series
1957-12-01,52384000,,-174000.0,-545000.0,BLS monthly series
1958-01-01,52076000,,-308000.0,-811000.0,BLS monthly series
1958-02-01,51576000,,-500000.0,-1521000.0,BLS monthly series
1958-03-01,51299000,,-277000.0,-1857000.0,BLS monthly series
1958-04-01,51027000,,-272000.0,-2211000.0,BLS monthly series
1958-05-01,50914000,,-113000.0,-2236000.0,BLS monthly series
1958-06-01,50914000,,0.0,-2153000.0,BLS monthly series
1958-07-01,51039000,,125000.0,-2084000.0,BLS monthly series
1958-08-01,51233000,,194000.0,-1895000.0,BLS monthly series
1958-09-01,51506000,,273000.0,-1428000.0,BLS monthly series
1958-10-01,51485000,,-21000.0,-1278000.0,BLS monthly series
1958-11-01,51944000,,459000.0,-614000.0,BLS monthly series
1958-12-01,52085000,,141000.0,-299000.0,BLS monthly series
1959-01-01,52478000,,393000.0,402000.0,BLS monthly series
1959-02-01,52688000,,210000.0,1112000.0,BLS monthly series
1959-03-01,53014000,,326000.0,1715000.0,BLS monthly series
1959-04-01,53321000,,307000.0,2294000.0,BLS monthly series
1959-05-01,53550000,,229000.0,2636000.0,BLS monthly series
1959-06-01,53681000,,131000.0,2767000.0,BLS monthly series
1959-07-01,53804000,,123000.0,2765000.0,BLS monthly series
1959-08-01,53336000,,-468000.0,2103000.0,BLS monthly series
1959-09-01,53428000,,92000.0,1922000.0,BLS monthly series
1959-10-01,53358000,,-70000.0,1873000.0,BLS monthly series
1959-11-01,53634000,,276000.0,1690000.0,BLS monthly series
1959-12-01,54174000,,540000.0,2089000.0,BLS monthly series
1960-01-01,54274000,,100000.0,1796000.0,BLS monthly series
1960-02-01,54513000,,239000.0,1825000.0,BLS monthly series
1960-03-01,54454000,,-59000.0,1440000.0,BLS monthly series
1960-04-01,54813000,,359000.0,1492000.0,BLS monthly series
1960-05-01,54475000,,-338000.0,925000.0,BLS monthly series
1960-06-01,54348000,,-127000.0,667000.0,BLS monthly series
1960-07-01,54306000,,-42000.0,502000.0,BLS monthly series
1960-08-01,54272000,,-34000.0,936000.0,BLS monthly series
1960-09-01,54227000,,-45000.0,799000.0,BLS monthly series
1960-10-01,54142000,,-85000.0,784000.0,BLS monthly series
1960-11-01,53961000,,-181000.0,327000.0,BLS monthly series
1960-12-01,53742000,,-219000.0,-432000.0,BLS monthly series
1961-01-01,53683000,,-59000.0,-591000.0,BLS monthly series
1961-02-01,53557000,,-126000.0,-956000.0,BLS monthly series
1961-03-01,53659000,,102000.0,-795000.0,BLS monthly series
1961-04-01,53627000,,-32000.0,-1186000.0,BLS monthly series
1961-05-01,53786000,,159000.0,-689000.0,BLS monthly series
1961-06-01,53977000,,191000.0,-371000.0,BLS monthly series
1961-07-01,54123000,,146000.0,-183000.0,BLS monthly series
1961-08-01,54298000,,175000.0,26000.0,BLS monthly series
1961-09-01,54388000,,90000.0,161000.0,BLS monthly series
1961-10-01,54522000,,134000.0,380000.0,BLS monthly series
1961-11-01,54742000,,220000.0,781000.0,BLS monthly series
1961-12-01,54872000,,130000.0,1130000.0,BLS monthly series
1962-01-01,54891000,,19000.0,1208000.0,BLS monthly series
1962-02-01,55188000,,297000.0,1631000.0,BLS monthly series
1962-03-01,55275000,,87000.0,1616000.0,BLS monthly series
1962-04-01,55602000,,327000.0,1975000.0,BLS monthly series
1962-05-01,55628000,,26000.0,1842000.0,BLS monthly series
1962-06-01,55644000,,16000.0,1667000.0,BLS monthly series
1962-07-01,55746000,,102000.0,1623000.0,BLS monthly series
1962-08-01,55838000,,92000.0,1540000.0,BLS monthly series
1962-09-01,55978000,,140000.0,1590000.0,BLS monthly series
1962-10-01,56041000,,63000.0,1519000.0,BLS monthly series
1962-11-01,56056000,,15000.0,1314000.0,BLS monthly series
1962-12-01,56028000,,-28000.0,1156000.0,BLS monthly series
1963-01-01,56115000,,87000.0,1224000.0,BLS monthly series
1963-02-01,56230000,,115000.0,1042000.0,BLS monthly series
1963-03-01,56320000,,90000.0,1045000.0,BLS monthly series
1963-04-01,56580000,,260000.0,978000.0,BLS monthly series
1963-05-01,56616000,,36000.0,988000.0,BLS monthly series
1963-06-01,56659000,,43000.0,1015000.0,BLS monthly series
1963-07-01,56794000,,135000.0,1048000.0,BLS monthly series
1963-08-01,56910000,,116000.0,1072000.0,BLS monthly series
1963-09-01,57078000,,168000.0,1100000.0,BLS monthly series
1963-10-01,57283000,,205000.0,1242000.0,BLS monthly series
1963-11-01,57255000,,-28000.0,1199000.0,BLS monthly series
1963-12-01,57361000,,106000.0,1333000.0,BLS monthly series
1964-01-01,57487000,,126000.0,1372000.0,BLS monthly series
1964-02-01,57753000,,266000.0,1523000.0,BLS monthly series
1964-03-01,57897000,,144000.0,1577000.0,BLS monthly series
1964-04-01,57922000,,25000.0,1342000.0,BLS monthly series
1964-05-01,58089000,,167000.0,1473000.0,BLS monthly series
1964-06-01,58219000,,130000.0,1560000.0,BLS monthly series
1964-07-01,58412000,,193000.0,1618000.0,BLS monthly series
1964-08-01,58619000,,207000.0,1709000.0,BLS monthly series
1964-09-01,58903000,,284000.0,1825000.0,BLS monthly series
1964-10-01,58793000,,-110000.0,1510000.0,BLS monthly series
1964-11-01,59218000,,425000.0,1963000.0,BLS monthly series
1964-12-01,59421000,,203000.0,2060000.0,BLS monthly series
1965-01-01,59582000,,161000.0,2095000.0,BLS monthly series
1965-02-01,59800000,,218000.0,2047000.0,BLS monthly series
1965-03-01,60003000,,203000.0,2106000.0,BLS monthly series
1965-04-01,60259000,,256000.0,2337000.0,BLS monthly series
1965-05-01,60491000,,232000.0,2402000.0,BLS monthly series
1965-06-01,60690000,,199000.0,2471000.0,BLS monthly series
1965-07-01,60965000,,275000.0,2553000.0,BLS monthly series
1965-08-01,61228000,,263000.0,2609000.0,BLS monthly series
1965-09-01,61490000,,262000.0,2587000.0,BLS monthly series
1965-10-01,61719000,,229000.0,2926000.0,BLS monthly series
1965-11-01,61996000,,277000.0,2778000.0,BLS monthly series
1965-12-01,62322000,,326000.0,2901000.0,BLS monthly series
1966-01-01,62529000,,207000.0,2947000.0,BLS monthly series
1966-02-01,62796000,,267000.0,2996000.0,BLS monthly series
1966-03-01,63192000,,396000.0,3189000.0,BLS monthly series
1966-04-01,63437000,,245000.0,3178000.0,BLS monthly series
1966-05-01,63712000,,275000.0,3221000.0,BLS monthly series
1966-06-01,64111000,,399000.0,3421000.0,BLS monthly series
1966-07-01,64301000,,190000.0,3336000.0,BLS monthly series
1966-08-01,64507000,,206000.0,3279000.0,BLS monthly series
1966-09-01,64643000,,136000.0,3153000.0,BLS monthly series
1966-10-01,64854000,,211000.0,3135000.0,BLS monthly series
1966-11-01,65019000,,165000.0,3023000.0,BLS monthly series
1966-12-01,65199000,,180000.0,2877000.0,BLS monthly series
1967-01-01,65407000,,208000.0,2878000.0,BLS monthly series
1967-02-01,65429000,,22000.0,2633000.0,BLS monthly series
1967-03-01,65530000,,101000.0,2338000.0,BLS monthly series
1967-04-01,65466000,,-64000.0,2029000.0,BLS monthly series
1967-05-01,65620000,,154000.0,1908000.0,BLS monthly series
1967-06-01,65750000,,130000.0,1639000.0,BLS monthly series
1967-07-01,65888000,,138000.0,1587000.0,BLS monthly series
1967-08-01,66143000,,255000.0,1636000.0,BLS monthly series
1967-09-01,66164000,,21000.0,1521000.0,BLS monthly series
1967-10-01,66225000,,61000.0,1371000.0,BLS monthly series
1967-11-01,66703000,,478000.0,1684000.0,BLS monthly series
1967-12-01,66900000,,197000.0,1701000.0,BLS monthly series
1968-01-01,66804000,,-96000.0,1397000.0,BLS monthly series
1968-02-01,67215000,,411000.0,1786000.0,BLS monthly series
1968-03-01,67295000,,80000.0,1765000.0,BLS monthly series
1968-04-01,67556000,,261000.0,2090000.0,BLS monthly series
1968-05-01,67652000,,96000.0,2032000.0,BLS monthly series
1968-06-01,67905000,,253000.0,2155000.0,BLS monthly series
1968-07-01,68126000,,221000.0,2238000.0,BLS monthly series
1968-08-01,68330000,,204000.0,2187000.0,BLS monthly series
1968-09-01,68484000,,154000.0,2320000.0,BLS monthly series
1968-10-01,68721000,,237000.0,2496000.0,BLS monthly series
1968-11-01,68984000,,263000.0,2281000.0,BLS monthly series
1968-12-01,69248000,,264000.0,2348000.0,BLS monthly series
1969-01-01,69439000,,191000.0,2635000.0,BLS monthly series
1969-02-01,69699000,,260000.0,2484000.0,BLS monthly series
1969-03-01,69905000,,206000.0,2610000.0,BLS monthly series
1969-04-01,70072000,,167000.0,2516000.0,BLS monthly series
1969-05-01,70328000,,256000.0,2676000.0,BLS monthly series
1969-06-01,70636000,,308000.0,2731000.0,BLS monthly series
1969-07-01,70729000,,93000.0,2603000.0,BLS monthly series
1969-08-01,71008000,,279000.0,2678000.0,BLS monthly series
1969-09-01,70914000,,-94000.0,2430000.0,BLS monthly series
1969-10-01,71121000,,207000.0,2400000.0,BLS monthly series
1969-11-01,71086000,,-35000.0,2102000.0,BLS monthly series
1969-12-01,71241000,,155000.0,1993000.0,BLS monthly series
1970-01-01,71176000,,-65000.0,1737000.0,BLS monthly series
1970-02-01,71305000,,129000.0,1606000.0,BLS monthly series
1970-03-01,71451000,,146000.0,1546000.0,BLS monthly series
1970-04-01,71348000,,-103000.0,1276000.0,BLS monthly series
1970-05-01,71124000,,-224000.0,796000.0,BLS monthly series
1970-06-01,71029000,,-95000.0,393000.0,BLS monthly series
1970-07-01,71053000,,24000.0,324000.0,BLS monthly series
1970-08-01,70937000,,-116000.0,-71000.0,BLS monthly series
1970-09-01,70944000,,7000.0,30000.0,BLS monthly series
1970-10-01,70521000,,-423000.0,-600000.0,BLS monthly series
1970-11-01,70409000,,-112000.0,-677000.0,BLS monthly series
1970-12-01,70792000,,383000.0,-449000.0,BLS monthly series
1971-01-01,70865000,,73000.0,-311000.0,BLS monthly series
1971-02-01,70807000,,-58000.0,-498000.0,BLS monthly series
1971-03-01,70860000,,53000.0,-591000.0,BLS monthly series
1971-04-01,71036000,,176000.0,-312000.0,BLS monthly series
1971-05-01,71247000,,211000.0,123000.0,BLS monthly series
1971-06-01,71254000,,7000.0,225000.0,BLS monthly series
1971-07-01,71315000,,61000.0,262000.0,BLS monthly series
1971-08-01,71373000,,58000.0,436000.0,BLS monthly series
1971-09-01,71614000,,241000.0,670000.0,BLS monthly series
1971-10-01,71642000,,28000.0,1121000.0,BLS monthly series
1971-11-01,71847000,,205000.0,1438000.0,BLS monthly series
1971-12-01,72109000,,262000.0,1317000.0,BLS monthly series
1972-01-01,72441000,,332000.0,1576000.0,BLS monthly series
1972-02-01,72648000,,207000.0,1841000.0,BLS monthly series
1972-03-01,72944000,,296000.0,2084000.0,BLS monthly series
1972-04-01,73162000,,218000.0,2126000.0,BLS monthly series
1972-05-01,73469000,,307000.0,2222000.0,BLS monthly series
1972-06-01,73758000,,289000.0,2504000.0,BLS monthly series
1972-07-01,73709000,,-49000.0,2394000.0,BLS monthly series
1972-08-01,74141000,,432000.0,2768000.0,BLS monthly series
1972-09-01,74264000,,123000.0,2650000.0,BLS monthly series
1972-10-01,74674000,,410000.0,3032000.0,BLS monthly series
1972-11-01,74973000,,299000.0,3126000.0,BLS monthly series
1972-12-01,75268000,,295000.0,3159000.0,BLS monthly series
1973-01-01,75617000,,349000.0,3176000.0,BLS monthly series
1973-02-01,76014000,,397000.0,3366000.0,BLS monthly series
1973-03-01,76284000,,270000.0,3340000.0,BLS monthly series
1973-04-01,76455000,,171000.0,3293000.0,BLS monthly series
1973-05-01,76648000,,193000.0,3179000.0,BLS monthly series
1973-06-01,76887000,,239000.0,3129000.0,BLS monthly series
1973-07-01,76913000,,26000.0,3204000.0,BLS monthly series
1973-08-01,77168000,,255000.0,3027000.0,BLS monthly series
1973-09-01,77276000,,108000.0,3012000.0,BLS monthly series
1973-10-01,77607000,,331000.0,2933000.0,BLS monthly series
1973-11-01,77920000,,313000.0,2947000.0,BLS monthly series
1973-12-01,78031000,,111000.0,2763000.0,BLS monthly series
1974-01-01,78100000,,69000.0,2483000.0,BLS monthly series
1974-02-01,78254000,,154000.0,2240000.0,BLS monthly series
1974-03-01,78296000,,42000.0,2012000.0,BLS monthly series
1974-04-01,78382000,,86000.0,1927000.0,BLS monthly series
1974-05-01,78549000,,167000.0,1901000.0,BLS monthly series
1974-06-01,78604000,,55000.0,1717000.0,BLS monthly series
1974-07-01,78636000,,32000.0,1723000.0,BLS monthly series
1974-08-01,78619000,,-17000.0,1451000.0,BLS monthly series
1974-09-01,78610000,,-9000.0,1334000.0,BLS monthly series
1974-10-01,78630000,,20000.0,1023000.0,BLS monthly series
1974-11-01,78265000,,-365000.0,345000.0,BLS monthly series
1974-12-01,77652000,,-613000.0,-379000.0,BLS monthly series
1975-01-01,77293000,,-359000.0,-807000.0,BLS monthly series
1975-02-01,76918000,,-375000.0,-1336000.0,BLS monthly series
1975-03-01,76648000,,-270000.0,-1648000.0,BLS monthly series
1975-04-01,76460000,,-188000.0,-1922000.0,BLS monthly series
1975-05-01,76624000,,164000.0,-1925000.0,BLS monthly series
1975-06-01,76521000,,-103000.0,-2083000.0,BLS monthly series
1975-07-01,76770000,,249000.0,-1866000.0,BLS monthly series
1975-08-01,77153000,,383000.0,-1466000.0,BLS monthly series
1975-09-01,77228000,,75000.0,-1382000.0,BLS monthly series
1975-10-01,77540000,,312000.0,-1090000.0,BLS monthly series
1975-11-01,77685000,,145000.0,-580000.0,BLS monthly series
1975-12-01,78017000,,332000.0,365000.0,BLS monthly series
1976-01-01,78503000,,486000.0,1210000.0,BLS monthly series
1976-02-01,78816000,,313000.0,1898000.0,BLS monthly series
1976-03-01,79048000,,232000.0,2400000.0,BLS monthly series
1976-04-01,79292000,,244000.0,2832000.0,BLS monthly series
1976-05-01,79312000,,20000.0,2688000.0,BLS monthly series
1976-06-01,79376000,,64000.0,2855000.0,BLS monthly series
1976-07-01,79547000,,171000.0,2777000.0,BLS monthly series
1976-08-01,79704000,,157000.0,2551000.0,BLS monthly series
1976-09-01,79892000,,188000.0,2664000.0,BLS monthly series
1976-10-01,79911000,,19000.0,2371000.0,BLS monthly series
1976-11-01,80240000,,329000.0,2555000.0,BLS monthly series
1976-12-01,80448000,,208000.0,2431000.0,BLS monthly series
1977-01-01,80690000,,242000.0,2187000.0,BLS monthly series
1977-02-01,80988000,,298000.0,2172000.0,BLS monthly series
1977-03-01,81391000,,403000.0,2343000.0,BLS monthly series
1977-04-01,81728000,,337000.0,2436000.0,BLS monthly series
1977-05-01,82088000,,360000.0,2776000.0,BLS monthly series
1977-06-01,82488000,,400000.0,3112000.0,BLS monthly series
1977-07-01,82834000,,346000.0,3287000.0,BLS monthly series
1977-08-01,83075000,,241000.0,3371000.0,BLS monthly series
1977-09-01,83532000,,457000.0,3640000.0,BLS monthly series
1977-10-01,83800000,,268000.0,3889000.0,BLS monthly series
1977-11-01,84173000,,373000.0,3933000.0,BLS monthly series
1977-12-01,84410000,,237000.0,3962000.0,BLS monthly series
1978-01-01,84594000,,184000.0,3904000.0,BLS monthly series
1978-02-01,84948000,,354000.0,3960000.0,BLS monthly series
1978-03-01,85460000,,512000.0,4069000.0,BLS monthly series
1978-04-01,86162000,,702000.0,4434000.0,BLS monthly series
1978-05-01,86509000,,347000.0,4421000.0,BLS monthly series
1978-06-01,86950000,,441000.0,4462000.0,BLS monthly series
1978-07-01,87204000,,254000.0,4370000.0,BLS monthly series
1978-08-01,87483000,,279000.0,4408000.0,BLS monthly series
1978-09-01,87621000,,138000.0,4089000.0,BLS monthly series
1978-10-01,87956000,,335000.0,4156000.0,BLS monthly series
1978-11-01,88391000,,435000.0,4218000.0,BLS monthly series
1978-12-01,88671000,,280000.0,4261000.0,BLS monthly series
1979-01-01,88808000,,137000.0,4214000.0,BLS monthly series
1979-02-01,89055000,,247000.0,4107000.0,BLS monthly series
1979-03-01,89479000,,424000.0,4019000.0,BLS monthly series
1979-04-01,89417000,,-62000.0,3255000.0,BLS monthly series
1979-05-01,89789000,,372000.0,3280000.0,BLS monthly series
1979-06-01,90108000,,319000.0,3158000.0,BLS monthly series
1979-07-01,90217000,,109000.0,3013000.0,BLS monthly series
1979-08-01,90300000,,83000.0,2817000.0,BLS monthly series
1979-09-01,90327000,,27000.0,2706000.0,BLS monthly series
1979-10-01,90481000,,154000.0,2525000.0,BLS monthly series
1979-11-01,90573000,,92000.0,2182000.0,BLS monthly series
1979-12-01,90672000,,99000.0,2001000.0,BLS monthly series
1980-01-01,90800000,,128000.0,1992000.0,BLS monthly series
1980-02-01,90883000,,83000.0,1828000.0,BLS monthly series
1980-03-01,90994000,,111000.0,1515000.0,BLS monthly series
1980-04-01,90849000,,-145000.0,1432000.0,BLS monthly series
1980-05-01,90420000,,-429000.0,631000.0,BLS monthly series
1980-06-01,90101000,,-319000.0,-7000.0,BLS monthly series
1980-07-01,89840000,,-261000.0,-377000.0,BLS monthly series
1980-08-01,90099000,,259000.0,-201000.0,BLS monthly series
1980-09-01,90213000,,114000.0,-114000.0,BLS monthly series
1980-10-01,90490000,,277000.0,9000.0,BLS monthly series
1980-11-01,90747000,,257000.0,174000.0,BLS monthly series
1980-12-01,90943000,,196000.0,271000.0,BLS monthly series
1981-01-01,91033000,,90000.0,233000.0,BLS monthly series
1981-02-01,91105000,,72000.0,222000.0,BLS monthly series
1981-03-01,91210000,,105000.0,216000.0,BLS monthly series
1981-04-01,91283000,,73000.0,434000.0,BLS monthly series
1981-05-01,91296000,,13000.0,876000.0,BLS monthly series
1981-06-01,91490000,,194000.0,1389000.0,BLS monthly series
1981-07-01,91601000,,111000.0,1761000.0,BLS monthly series
1981-08-01,91565000,,-36000.0,1466000.0,BLS monthly series
1981-09-01,91477000,,-88000.0,1264000.0,BLS monthly series
1981-10-01,91380000,,-97000.0,890000.0,BLS monthly series
1981-11-01,91171000,,-209000.0,424000.0,BLS monthly series
1981-12-01,90895000,,-276000.0,-48000.0,BLS monthly series
1982-01-01,90565000,,-330000.0,-468000.0,BLS monthly series
1982-02-01,90563000,,-2000.0,-542000.0,BLS monthly series
1982-03-01,90434000,,-129000.0,-776000.0,BLS monthly series
1982-04-01,90150000,,-284000.0,-1133000.0,BLS monthly series
1982-05-01,90107000,,-43000.0,-1189000.0,BLS monthly series
1982-06-01,89865000,,-242000.0,-1625000.0,BLS monthly series
1982-07-01,89521000,,-344000.0,-2080000.0,BLS monthly series
1982-08-01,89363000,,-158000.0,-2202000.0,BLS monthly series
1982-09-01,89183000,,-180000.0,-2294000.0,BLS monthly series
1982-10-01,88907000,,-276000.0,-2473000.0,BLS monthly series
1982-11-01,88786000,,-121000.0,-2385000.0,BLS monthly series
1982-12-01,88771000,,-15000.0,-2124000.0,BLS monthly series
1983-01-01,88990000,,219000.0,-1575000.0,BLS monthly series
1983-02-01,88917000,,-73000.0,-1646000.0,BLS monthly series
1983-03-01,89090000,,173000.0,-1344000.0,BLS monthly series
1983-04-01,89364000,,274000.0,-786000.0,BLS monthly series
1983-05-01,89644000,,280000.0,-463000.0,BLS monthly series
1983-06-01,90021000,,377000.0,156000.0,BLS monthly series
1983-07-01,90437000,,416000.0,916000.0,BLS monthly series
1983-08-01,90129000,,-308000.0,766000.0,BLS monthly series
1983-09-01,91247000,,1118000.0,2064000.0,BLS monthly series
1983-10-01,91520000,,273000.0,2613000.0,BLS monthly series
1983-11-01,91875000,,355000.0,3089000.0,BLS monthly series
1983-12-01,92230000,,355000.0,3459000.0,BLS monthly series
1984-01-01,92673000,,443000.0,3683000.0,BLS monthly series
1984-02-01,93157000,,484000.0,4240000.0,BLS monthly series
1984-03-01,93429000,,272000.0,4339000.0,BLS monthly series
1984-04-01,93792000,,363000.0,4428000.0,BLS monthly series
1984-05-01,94098000,,306000.0,4454000.0,BLS monthly series
1984-06-01,94479000,,381000.0,4458000.0,BLS monthly series
1984-07-01,94789000,,310000.0,4352000.0,BLS monthly series
1984-08-01,95032000,,243000.0,4903000.0,BLS monthly series
1984-09-01,95344000,,312000.0,4097000.0,BLS monthly series
1984-10-01,95629000,,285000.0,4109000.0,BLS monthly series
1984-11-01,95982000,,353000.0,4107000.0,BLS monthly series
1984-12-01,96107000,,125000.0,3877000.0,BLS monthly series
1985-01-01,96372000,,265000.0,3699000.0,BLS monthly series
1985-02-01,96503000,,131000.0,3346000.0,BLS monthly series
1985-03-01,96842000,,339000.0,3413000.0,BLS monthly series
1985-04-01,97038000,,196000.0,3246000.0,BLS monthly series
1985-05-01,97312000,,274000.0,3214000.0,BLS monthly series
1985-06-01,97459000,,147000.0,2980000.0,BLS monthly series
1985-07-01,97648000,,189000.0,2859000.0,BLS monthly series
1985-08-01,97840000,,192000.0,2808000.0,BLS monthly series
1985-09-01,98045000,,205000.0,2701000.0,BLS monthly series
1985-10-01,98233000,,188000.0,2604000.0,BLS monthly series
1985-11-01,98443000,,210000.0,2461000.0,BLS monthly series
1985-12-01,98609000,,166000.0,2502000.0,BLS monthly series
1986-01-01,98732000,,123000.0,2360000.0,BLS monthly series
1986-02-01,98847000,,115000.0,2344000.0,BLS monthly series
1986-03-01,98934000,,87000.0,2092000.0,BLS monthly series
1986-04-01,99121000,,187000.0,2083000.0,BLS monthly series
1986-05-01,99248000,,127000.0,1936000.0,BLS monthly series
1986-06-01,99155000,,-93000.0,1696000.0,BLS monthly series
1986-07-01,99473000,,318000.0,1825000.0,BLS monthly series
1986-08-01,99588000,,115000.0,1748000.0,BLS monthly series
1986-09-01,99934000,,346000.0,1889000.0,BLS monthly series
1986-10-01,100121000,,187000.0,1888000.0,BLS monthly series
1986-11-01,100308000,,187000.0,1865000.0,BLS monthly series
1986-12-01,100509000,,201000.0,1900000.0,BLS monthly series
1987-01-01,100678000,,169000.0,1946000.0,BLS monthly series
1987-02-01,100919000,,241000.0,2072000.0,BLS monthly series
1987-03-01,101164000,,245000.0,2230000.0,BLS monthly series
1987-04-01,101499000,,335000.0,2378000.0,BLS monthly series
1987-05-01,101728000,,229000.0,2480000.0,BLS monthly series
1987-06-01,101900000,,172000.0,2745000.0,BLS monthly series
1987-07-01,102247000,,347000.0,2774000.0,BLS monthly series
1987-08-01,102420000,,173000.0,2832000.0,BLS monthly series
1987-09-01,102647000,,227000.0,2713000.0,BLS monthly series
1987-10-01,103138000,,491000.0,3017000.0,BLS monthly series
1987-11-01,103372000,,234000.0,3064000.0,BLS monthly series
1987-12-01,103661000,,289000.0,3152000.0,BLS monthly series
1988-01-01,103753000,,92000.0,3075000.0,BLS monthly series
1988-02-01,104214000,,461000.0,3295000.0,BLS monthly series
1988-03-01,104489000,,275000.0,3325000.0,BLS monthly series
1988-04-01,104732000,,243000.0,3233000.0,BLS monthly series
1988-05-01,104962000,,230000.0,3234000.0,BLS monthly series
1988-06-01,105326000,,364000.0,3426000.0,BLS monthly series
1988-07-01,105550000,,224000.0,3303000.0,BLS monthly series
1988-08-01,105674000,,124000.0,3254000.0,BLS monthly series
1988-09-01,106013000,,339000.0,3366000.0,BLS monthly series
1988-10-01,106276000,,263000.0,3138000.0,BLS monthly series
1988-11-01,106617000,,341000.0,3245000.0,BLS monthly series
1988-12-01,106898000,,281000.0,3237000.0,BLS monthly series
1989-01-01,107161000,,263000.0,3408000.0,BLS monthly series
1989-02-01,107427000,,266000.0,3213000.0,BLS monthly series
1989-03-01,107621000,,194000.0,3132000.0,BLS monthly series
1989-04-01,107791000,,170000.0,3059000.0,BLS monthly series
1989-05-01,107913000,,122000.0,2951000.0,BLS monthly series
1989-06-01,108027000,,114000.0,2701000.0,BLS monthly series
1989-07-01,108069000,,42000.0,2519000.0,BLS monthly series
1989-08-01,108120000,,51000.0,2446000.0,BLS monthly series
1989-09-01,108369000,,249000.0,2356000.0,BLS monthly series
1989-10-01,108476000,,107000.0,2200000.0,BLS monthly series
1989-11-01,108752000,,276000.0,2135000.0,BLS monthly series
1989-12-01,108836000,,84000.0,1938000.0,BLS monthly series
1990-01-01,109189000,,353000.0,2028000.0,BLS monthly series
1990-02-01,109432000,,243000.0,2005000.0,BLS monthly series
1990-03-01,109637000,,205000.0,2016000.0,BLS monthly series
1990-04-01,109671000,,34000.0,1880000.0,BLS monthly series
1990-05-01,109834000,,163000.0,1921000.0,BLS monthly series
1990-06-01,109857000,,23000.0,1830000.0,BLS monthly series
1990-07-01,109822000,,-35000.0,1753000.0,BLS monthly series
1990-08-01,109610000,,-212000.0,1490000.0,BLS monthly series
1990-09-01,109520000,,-90000.0,1151000.0,BLS monthly series
1990-10-01,109374000,,-146000.0,898000.0,BLS monthly series
1990-11-01,109220000,,-154000.0,468000.0,BLS monthly series
1990-12-01,109168000,,-52000.0,332000.0,BLS monthly series
1991-01-01,109051000,,-117000.0,-138000.0,BLS monthly series
1991-02-01,108731000,,-320000.0,-701000.0,BLS monthly series
1991-03-01,108569000,,-162000.0,-1068000.0,BLS monthly series
1991-04-01,108352000,,-217000.0,-1319000.0,BLS monthly series
1991-05-01,108250000,,-102000.0,-1584000.0,BLS monthly series
1991-06-01,108338000,,88000.0,-1519000.0,BLS monthly series
1991-07-01,108290000,,-48000.0,-1532000.0,BLS monthly series
1991-08-01,108302000,,12000.0,-1308000.0,BLS monthly series
1991-09-01,108333000,,31000.0,-1187000.0,BLS monthly series
1991-10-01,108362000,,29000.0,-1012000.0,BLS monthly series
1991-11-01,108300000,,-62000.0,-920000.0,BLS monthly series
1991-12-01,108330000,,30000.0,-838000.0,BLS monthly series
1992-01-01,108367000,,37000.0,-684000.0,BLS monthly series
1992-02-01,108312000,,-55000.0,-419000.0,BLS monthly series
1992-03-01,108361000,,49000.0,-208000.0,BLS monthly series
1992-04-01,108515000,,154000.0,163000.0,BLS monthly series
1992-05-01,108648000,,133000.0,398000.0,BLS monthly series
1992-06-01,108717000,,69000.0,379000.0,BLS monthly series
1992-07-01,108799000,,82000.0,509000.0,BLS monthly series
1992-08-01,108923000,,124000.0,621000.0,BLS monthly series
1992-09-01,108954000,,31000.0,621000.0,BLS monthly series
1992-10-01,109135000,,181000.0,773000.0,BLS monthly series
1992-11-01,109280000,,145000.0,980000.0,BLS monthly series
1992-12-01,109500000,,220000.0,1170000.0,BLS monthly series
1993-01-01,109795000,,295000.0,1428000.0,BLS monthly series
1993-02-01,110044000,,249000.0,1732000.0,BLS monthly series
1993-03-01,109992000,,-52000.0,1631000.0,BLS monthly series
1993-04-01,110295000,,303000.0,1780000.0,BLS monthly series
1993-05-01,110570000,,275000.0,1922000.0,BLS monthly series
1993-06-01,110751000,,181000.0,2034000.0,BLS monthly series
1993-07-01,111060000,,309000.0,2261000.0,BLS monthly series
1993-08-01,111209000,,149000.0,2286000.0,BLS monthly series
1993-09-01,111454000,,245000.0,2500000.0,BLS monthly series
1993-10-01,111734000,,280000.0,2599000.0,BLS monthly series
1993-11-01,111990000,,256000.0,2710000.0,BLS monthly series
1993-12-01,112324000,,334000.0,2824000.0,BLS monthly series
1994-01-01,112598000,,274000.0,2803000.0,BLS monthly series
1994-02-01,112779000,,181000.0,2735000.0,BLS monthly series
1994-03-01,113240000,,461000.0,3248000.0,BLS monthly series
1994-04-01,113587000,,347000.0,3292000.0,BLS monthly series
1994-05-01,113923000,,336000.0,3353000.0,BLS monthly series
1994-06-01,114237000,,314000.0,3486000.0,BLS monthly series
1994-07-01,114607000,,370000.0,3547000.0,BLS monthly series
1994-08-01,114899000,,292000.0,3690000.0,BLS monthly series
1994-09-01,115253000,,354000.0,3799000.0,BLS monthly series
1994-10-01,115458000,,205000.0,3724000.0,BLS monthly series
1994-11-01,115873000,,415000.0,3883000.0,BLS monthly series
1994-12-01,116176000,,303000.0,3852000.0,BLS monthly series
1995-01-01,116504000,,328000.0,3906000.0,BLS monthly series
1995-02-01,116693000,,189000.0,3914000.0,BLS monthly series
1995-03-01,116907000,,214000.0,3667000.0,BLS monthly series
1995-04-01,117065000,,158000.0,3478000.0,BLS monthly series
1995-05-01,117050000,,-15000.0,3127000.0,BLS monthly series
1995-06-01,117286000,,236000.0,3049000.0,BLS monthly series
1995-07-01,117377000,,91000.0,2770000.0,BLS monthly series
1995-08-01,117639000,,262000.0,2740000.0,BLS monthly series
1995-09-01,117880000,,241000.0,2627000.0,BLS monthly series
1995-10-01,118029000,,149000.0,2571000.0,BLS monthly series
1995-11-01,118168000,,139000.0,2295000.0,BLS monthly series
1995-12-01,118325000,,157000.0,2149000.0,BLS monthly series
1996-01-01,118318000,,-7000.0,1814000.0,BLS monthly series
1996-02-01,118734000,,416000.0,2041000.0,BLS monthly series
1996-03-01,118990000,,256000.0,2083000.0,BLS monthly series
1996-04-01,119156000,,166000.0,2091000.0,BLS monthly series
1996-05-01,119489000,,333000.0,2439000.0,BLS monthly series
1996-06-01,119770000,,281000.0,2484000.0,BLS monthly series
1996-07-01,120016000,,246000.0,2639000.0,BLS monthly series
1996-08-01,120201000,,185000.0,2562000.0,BLS monthly series
1996-09-01,120402000,,201000.0,2522000.0,BLS monthly series
1996-10-01,120663000,,261000.0,2634000.0,BLS monthly series
1996-11-01,120949000,,286000.0,2781000.0,BLS monthly series
1996-12-01,121145000,,196000.0,2820000.0,BLS monthly series
1997-01-01,121363000,,218000.0,3045000.0,BLS monthly series
1997-02-01,121675000,,312000.0,2941000.0,BLS monthly series
1997-03-01,121989000,,314000.0,2999000.0,BLS monthly series
1997-04-01,122284000,,295000.0,3128000.0,BLS monthly series
1997-05-01,122551000,,267000.0,3062000.0,BLS monthly series
1997-06-01,122816000,,265000.0,3046000.0,BLS monthly series
1997-07-01,123112000,,296000.0,3096000.0,BLS monthly series
1997-08-01,123092000,,-20000.0,2891000.0,BLS monthly series
1997-09-01,123577000,,485000.0,3175000.0,BLS monthly series
1997-10-01,123923000,,346000.0,3260000.0,BLS monthly series
1997-11-01,124230000,,307000.0,3281000.0,BLS monthly series
1997-12-01,124551000,,321000.0,3406000.0,BLS monthly series
1998-01-01,124813000,,262000.0,3450000.0,BLS monthly series
1998-02-01,125018000,,205000.0,3343000.0,BLS monthly series
1998-03-01,125164000,,146000.0,3175000.0,BLS monthly series
1998-04-01,125445000,,281000.0,3161000.0,BLS monthly series
1998-05-01,125846000,,401000.0,3295000.0,BLS monthly series
1998-06-01,126077000,,231000.0,3261000.0,BLS monthly series
1998-07-01,126209000,,132000.0,3097000.0,BLS monthly series
1998-08-01,126547000,,338000.0,3455000.0,BLS monthly series
1998-09-01,126745000,,198000.0,3168000.0,BLS monthly series
1998-10-01,126950000,,205000.0,3027000.0,BLS monthly series
1998-11-01,127225000,,275000.0,2995000.0,BLS monthly series
1998-12-01,127598000,,373000.0,3047000.0,BLS monthly series
1999-01-01,127704000,,106000.0,2891000.0,BLS monthly series
1999-02-01,128118000,,414000.0,3100000.0,BLS monthly series
1999-03-01,128233000,,115000.0,3069000.0,BLS monthly series
1999-04-01,128595000,,362000.0,3150000.0,BLS monthly series
1999-05-01,128810000,,215000.0,2964000.0,BLS monthly series
1999-06-01,129088000,,278000.0,3011000.0,BLS monthly series
1999-07-01,129423000,,335000.0,3214000.0,BLS monthly series
1999-08-01,129569000,,146000.0,3022000.0,BLS monthly series
1999-09-01,129781000,,212000.0,3036000.0,BLS monthly series
1999-10-01,130179000,,398000.0,3229000.0,BLS monthly series
1999-11-01,130467000,,288000.0,3242000.0,BLS monthly series
1999-12-01,130781000,,314000.0,3183000.0,BLS monthly series
2000-01-01,131009000,,228000.0,3305000.0,BLS monthly series
2000-02-01,131120000,,111000.0,3002000.0,BLS monthly series
2000-03-01,131604000,,484000.0,3371000.0,BLS monthly series
2000-04-01,131883000,,279000.0,3288000.0,BLS monthly series
2000-05-01,132106000,,223000.0,3296000.0,BLS monthly series
2000-06-01,132060000,,-46000.0,2972000.0,BLS monthly series
2000-07-01,132228000,,168000.0,2805000.0,BLS monthly series
2000-08-01,132231000,,3000.0,2662000.0,BLS monthly series
2000-09-01,132357000,,126000.0,2576000.0,BLS monthly series
2000-10-01,132352000,,-5000.0,2173000.0,BLS monthly series
2000-11-01,132553000,,201000.0,2086000.0,BLS monthly series
2000-12-01,132718000,,165000.0,1937000.0,BLS monthly series
2001-01-01,132699000,,-19000.0,1690000.0,BLS monthly series
2001-02-01,132786000,,87000.0,1666000.0,BLS monthly series
2001-03-01,132751000,,-35000.0,1147000.0,BLS monthly series
2001-04-01,132455000,,-296000.0,572000.0,BLS monthly series
2001-05-01,132411000,,-44000.0,305000.0,BLS monthly series
2001-06-01,132296000,,-115000.0,236000.0,BLS monthly series
2001-07-01,132173000,,-123000.0,-55000.0,BLS monthly series
2001-08-01,132024000,,-149000.0,-207000.0,BLS monthly series
2001-09-01,131765000,,-259000.0,-592000.0,BLS monthly series
2001-10-01,131452000,,-313000.0,-900000.0,BLS monthly series
2001-11-01,131141000,,-311000.0,-1412000.0,BLS monthly series
2001-12-01,130984000,,-157000.0,-1734000.0,BLS monthly series
2002-01-01,130853000,,-131000.0,-1846000.0,BLS monthly series
2002-02-01,130732000,,-121000.0,-2054000.0,BLS monthly series
2002-03-01,130720000,,-12000.0,-2031000.0,BLS monthly series
2002-04-01,130616000,,-104000.0,-1839000.0,BLS monthly series
2002-05-01,130632000,,16000.0,-1779000.0,BLS monthly series
2002-06-01,130682000,,50000.0,-1614000.0,BLS monthly series
2002-07-01,130585000,,-97000.0,-1588000.0,BLS monthly series
2002-08-01,130587000,,2000.0,-1437000.0,BLS monthly series
2002-09-01,130498000,,-89000.0,-1267000.0,BLS monthly series
2002-10-01,130621000,,123000.0,-831000.0,BLS monthly series
2002-11-01,130617000,,-4000.0,-524000.0,BLS monthly series
2002-12-01,130469000,,-148000.0,-515000.0,BLS monthly series
2003-01-01,130580000,,111000.0,-273000.0,BLS monthly series
2003-02-01,130443000,,-137000.0,-289000.0,BLS monthly series
2003-03-01,130232000,,-211000.0,-488000.0,BLS monthly series
2003-04-01,130176000,,-56000.0,-440000.0,BLS monthly series
2003-05-01,130196000,,20000.0,-436000.0,BLS monthly series
2003-06-01,130192000,,-4000.0,-490000.0,BLS monthly series
2003-07-01,130184000,,-8000.0,-401000.0,BLS monthly series
2003-08-01,130153000,,-31000.0,-434000.0,BLS monthly series
2003-09-01,130252000,,99000.0,-246000.0,BLS monthly series
2003-10-01,130439000,,187000.0,-182000.0,BLS monthly series
2003-11-01,130482000,,43000.0,-135000.0,BLS monthly series
2003-12-01,130594000,,112000.0,125000.0,BLS monthly series
2004-01-01,130766000,,172000.0,186000.0,BLS monthly series
2004-02-01,130822000,,56000.0,379000.0,BLS monthly series
2004-03-01,131139000,,317000.0,907000.0,BLS monthly series
2004-04-01,131409000,,270000.0,1233000.0,BLS monthly series
2004-05-01,131693000,,284000.0,1497000.0,BLS monthly series
2004-06-01,131789000,,96000.0,1597000.0,BLS monthly series
2004-07-01,131850000,,61000.0,1666000.0,BLS monthly series
2004-08-01,131936000,,86000.0,1783000.0,BLS monthly series
2004-09-01,132083000,,147000.0,1831000.0,BLS monthly series
2004-10-01,132435000,,352000.0,1996000.0,BLS monthly series
2004-11-01,132509000,,74000.0,2027000.0,BLS monthly series
2004-12-01,132633000,,124000.0,2039000.0,BLS monthly series
2005-01-01,132779000,,146000.0,2013000.0,BLS monthly series
2005-02-01,133033000,,254000.0,2211000.0,BLS monthly series
2005-03-01,133154000,,121000.0,2015000.0,BLS monthly series
2005-04-01,133515000,,361000.0,2106000.0,BLS monthly series
2005-05-01,133687000,,172000.0,1994000.0,BLS monthly series
2005-06-01,133939000,,252000.0,2150000.0,BLS monthly series
2005-07-01,134297000,,358000.0,2447000.0,BLS monthly series
2005-08-01,134495000,,198000.0,2559000.0,BLS monthly series
2005-09-01,134552000,,57000.0,2469000.0,BLS monthly series
2005-10-01,134646000,,94000.0,2211000.0,BLS monthly series
2005-11-01,135001000,,355000.0,2492000.0,BLS monthly series
2005-12-01,135160000,,159000.0,2527000.0,BLS monthly series
2006-01-01,135425000,,265000.0,2646000.0,BLS monthly series
2006-02-01,135732000,,307000.0,2699000.0,BLS monthly series
2006-03-01,136041000,,309000.0,2887000.0,BLS monthly series
2006-04-01,136210000,,169000.0,2695000.0,BLS monthly series
2006-05-01,136247000,,37000.0,2560000.0,BLS monthly series
2006-06-01,136328000,,81000.0,2389000.0,BLS monthly series
2006-07-01,136522000,,194000.0,2225000.0,BLS monthly series
2006-08-01,136688000,,166000.0,2193000.0,BLS monthly series
2006-09-01,136825000,,137000.0,2273000.0,BLS monthly series
2006-10-01,136849000,,24000.0,2203000.0,BLS monthly series
2006-11-01,137068000,,219000.0,2067000.0,BLS monthly series
2006-12-01,137251000,,183000.0,2091000.0,BLS monthly series
2007-01-01,137475000,,224000.0,2050000.0,BLS monthly series
2007-02-01,137556000,,81000.0,1824000.0,BLS monthly series
2007-03-01,137782000,,226000.0,1741000.0,BLS monthly series
2007-04-01,137842000,,60000.0,1632000.0,BLS monthly series
2007-05-01,137993000,,151000.0,1746000.0,BLS monthly series
2007-06-01,138072000,,79000.0,1744000.0,BLS monthly series
2007-07-01,138042000,,-30000.0,1520000.0,BLS monthly series
2007-08-01,138017000,,-25000.0,1329000.0,BLS monthly series
2007-09-01,138103000,,86000.0,1278000.0,BLS monthly series
2007-10-01,138175000,,72000.0,1326000.0,BLS monthly series
2007-11-01,138291000,,116000.0,1223000.0,BLS monthly series
2007-12-01,138396000,,105000.0,1145000.0,BLS monthly series
2008-01-01,138397000,,1000.0,922000.0,BLS monthly series
2008-02-01,138326000,,-71000.0,770000.0,BLS monthly series
2008-03-01,138256000,,-70000.0,474000.0,BLS monthly series
2008-04-01,138037000,,-219000.0,195000.0,BLS monthly series
2008-05-01,137847000,,-190000.0,-146000.0,BLS monthly series
2008-06-01,137689000,,-158000.0,-383000.0,BLS monthly series
2008-07-01,137492000,,-197000.0,-550000.0,BLS monthly series
2008-08-01,137209000,,-283000.0,-808000.0,BLS monthly series
2008-09-01,136759000,,-450000.0,-1344000.0,BLS monthly series
2008-10-01,136294000,,-465000.0,-1881000.0,BLS monthly series
2008-11-01,135546000,,-748000.0,-2745000.0,BLS monthly series
2008-12-01,134848000,,-698000.0,-3548000.0,BLS monthly series
2009-01-01,134066000,,-782000.0,-4331000.0,BLS monthly series
2009-02-01,133314000,,-752000.0,-5012000.0,BLS monthly series
2009-03-01,132494000,,-820000.0,-5762000.0,BLS monthly series
2009-04-01,131825000,,-669000.0,-6212000.0,BLS monthly series
2009-05-01,131470000,,-355000.0,-6377000.0,BLS monthly series
2009-06-01,131003000,,-467000.0,-6686000.0,BLS monthly series
2009-07-01,130661000,,-342000.0,-6831000.0,BLS monthly series
2009-08-01,130480000,,-181000.0,-6729000.0,BLS monthly series
2009-09-01,130241000,,-239000.0,-6518000.0,BLS monthly series
2009-10-01,130061000,,-180000.0,-6233000.0,BLS monthly series
2009-11-01,130059000,,-2000.0,-5487000.0,BLS monthly series
2009-12-01,129807000,,-252000.0,-5041000.0,BLS monthly series
2010-01-01,129795000,,-12000.0,-4271000.0,BLS monthly series
2010-02-01,129702000,,-93000.0,-3612000.0,BLS monthly series
2010-03-01,129865000,,163000.0,-2629000.0,BLS monthly series
2010-04-01,130115000,,250000.0,-1710000.0,BLS monthly series
2010-05-01,130645000,,530000.0,-825000.0,BLS monthly series
2010-06-01,130501000,,-144000.0,-502000.0,BLS monthly series
2010-07-01,130420000,,-81000.0,-241000.0,BLS monthly series
2010-08-01,130423000,,3000.0,-57000.0,BLS monthly series
2010-09-01,130340000,,-83000.0,99000.0,BLS monthly series
2010-10-01,130620000,,280000.0,559000.0,BLS monthly series
2010-11-01,130754000,,134000.0,695000.0,BLS monthly series
2010-12-01,130836000,,82000.0,1029000.0,BLS monthly series
2011-01-01,130839000,,3000.0,1044000.0,BLS monthly series
2011-02-01,131054000,,215000.0,1352000.0,BLS monthly series
2011-03-01,131278000,,224000.0,1413000.0,BLS monthly series
2011-04-01,131604000,,326000.0,1489000.0,BLS monthly series
2011-05-01,131704000,,100000.0,1059000.0,BLS monthly series
2011-06-01,131936000,,232000.0,1435000.0,BLS monthly series
2011-07-01,131992000,,56000.0,1572000.0,BLS monthly series
2011-08-01,132123000,,131000.0,1700000.0,BLS monthly series
2011-09-01,132346000,,223000.0,2006000.0,BLS monthly series
2011-10-01,132557000,,211000.0,1937000.0,BLS monthly series
2011-11-01,132701000,,144000.0,1947000.0,BLS monthly series
2011-12-01,132902000,,201000.0,2066000.0,BLS monthly series
2012-01-01,133243000,,341000.0,2404000.0,BLS monthly series
2012-02-01,133521000,,278000.0,2467000.0,BLS monthly series
2012-03-01,133745000,,224000.0,2467000.0,BLS monthly series
2012-04-01,133828000,,83000.0,2224000.0,BLS monthly series
2012-05-01,133935000,,107000.0,2231000.0,BLS monthly series
2012-06-01,134008000,,73000.0,2072000.0,BLS monthly series
2012-07-01,134153000,,145000.0,2161000.0,BLS monthly series
2012-08-01,134329000,,176000.0,2206000.0,BLS monthly series
2012-09-01,134512000,,183000.0,2166000.0,BLS monthly series
2012-10-01,134672000,,160000.0,2115000.0,BLS monthly series
2012-11-01,134831000,,159000.0,2130000.0,BLS monthly series
2012-12-01,135074000,,243000.0,2172000.0,BLS monthly series
2013-01-01,135263000,,189000.0,2020000.0,BLS monthly series
2013-02-01,135548000,,285000.0,2027000.0,BLS monthly series
2013-03-01,135690000,,142000.0,1945000.0,BLS monthly series
2013-04-01,135876000,,186000.0,2048000.0,BLS monthly series
2013-05-01,136090000,,214000.0,2155000.0,BLS monthly series
2013-06-01,136269000,,179000.0,2261000.0,BLS monthly series
2013-07-01,136391000,,122000.0,2238000.0,BLS monthly series
2013-08-01,136634000,,243000.0,2305000.0,BLS monthly series
2013-09-01,136819000,,185000.0,2307000.0,BLS monthly series
2013-10-01,137039000,,220000.0,2367000.0,BLS monthly series
2013-11-01,137312000,,273000.0,2481000.0,BLS monthly series
2013-12-01,137367000,,55000.0,2293000.0,BLS monthly series
2014-01-01,137551000,,184000.0,2288000.0,BLS monthly series
2014-02-01,137710000,,159000.0,2162000.0,BLS monthly series
2014-03-01,137987000,,277000.0,2297000.0,BLS monthly series
2014-04-01,138298000,,311000.0,2422000.0,BLS monthly series
2014-05-01,138500000,,202000.0,2410000.0,BLS monthly series
2014-06-01,138833000,,333000.0,2564000.0,BLS monthly series
2014-07-01,139076000,,243000.0,2685000.0,BLS monthly series
2014-08-01,139257000,,181000.0,2623000.0,BLS monthly series
2014-09-01,139564000,,307000.0,2745000.0,BLS monthly series
2014-10-01,139804000,,240000.0,2765000.0,BLS monthly series
2014-11-01,140088000,,284000.0,2776000.0,BLS monthly series
2014-12-01,140366000,,278000.0,2999000.0,BLS monthly series
2015-01-01,140562000,,196000.0,3011000.0,BLS monthly series
2015-02-01,140831000,,269000.0,3121000.0,BLS monthly series
2015-03-01,140925000,,94000.0,2938000.0,BLS monthly series
2015-04-01,141202000,,277000.0,2904000.0,BLS monthly series
2015-05-01,141539000,,337000.0,3039000.0,BLS monthly series
2015-06-01,141695000,,156000.0,2862000.0,BLS monthly series
2015-07-01,141989000,,294000.0,2913000.0,BLS monthly series
2015-08-01,142130000,,141000.0,2873000.0,BLS monthly series
2015-09-01,142265000,,135000.0,2701000.0,BLS monthly series
2015-10-01,142584000,,319000.0,2780000.0,BLS monthly series
2015-11-01,142810000,,226000.0,2722000.0,BLS monthly series
2015-12-01,143083000,,273000.0,2717000.0,BLS monthly series
2016-01-01,143196000,,113000.0,2634000.0,BLS monthly series
2016-02-01,143411000,,215000.0,2580000.0,BLS monthly series
2016-03-01,143666000,,255000.0,2741000.0,BLS monthly series
2016-04-01,143856000,,190000.0,2654000.0,BLS monthly series
2016-05-01,143901000,,45000.0,2362000.0,BLS monthly series
2016-06-01,144152000,,251000.0,2457000.0,BLS monthly series
2016-07-01,144515000,,363000.0,2526000.0,BLS monthly series
2016-08-01,144664000,,149000.0,2534000.0,BLS monthly series
2016-09-01,144961000,,297000.0,2696000.0,BLS monthly series
2016-10-01,145069000,,108000.0,2485000.0,BLS monthly series
2016-11-01,145188000,,119000.0,2378000.0,BLS monthly series
2016-12-01,145410000,,222000.0,2327000.0,BLS monthly series
2017-01-01,145636000,,226000.0,2440000.0,BLS monthly series
2017-02-01,145848000,,212000.0,2437000.0,BLS monthly series
2017-03-01,145976000,,128000.0,2310000.0,BLS monthly series
2017-04-01,146173000,,197000.0,2317000.0,BLS monthly series
2017-05-01,146389000,,216000.0,2488000.0,BLS monthly series
2017-06-01,146588000,,199000.0,2436000.0,BLS monthly series
2017-07-01,146772000,,184000.0,2257000.0,BLS monthly series
2017-08-01,146907000,,135000.0,2243000.0,BLS monthly series
2017-09-01,146999000,,92000.0,2038000.0,BLS monthly series
2017-10-01,147146000,,147000.0,2077000.0,BLS monthly series
2017-11-01,147375000,,229000.0,2187000.0,BLS monthly series
2017-12-01,147521000,,146000.0,2111000.0,BLS monthly series
2018-01-01,147667000,,146000.0,2031000.0,BLS monthly series
2018-02-01,148054000,,387000.0,2206000.0,BLS monthly series
2018-03-01,148280000,,226000.0,2304000.0,BLS monthly series
2018-04-01,148426000,,146000.0,2253000.0,BLS monthly series
2018-05-01,148755000,,329000.0,2366000.0,BLS monthly series
2018-06-01,148968000,,213000.0,2380000.0,BLS monthly series
2018-07-01,149023000,,55000.0,2251000.0,BLS monthly series
2018-08-01,149274000,,251000.0,2367000.0,BLS monthly series
2018-09-01,149361000,,87000.0,2362000.0,BLS monthly series
2018-10-01,149525000,,164000.0,2379000.0,BLS monthly series
2018-11-01,149622000,,97000.0,2247000.0,BLS monthly series
2018-12-01,149804000,,182000.0,2283000.0,BLS monthly series
2019-01-01,150062000,,258000.0,2395000.0,BLS monthly series
2019-02-01,150067000,,5000.0,2013000.0,BLS monthly series
2019-03-01,150294000,,227000.0,2014000.0,BLS monthly series
2019-04-01,150602000,,308000.0,2176000.0,BLS monthly series
2019-05-01,150640000,,38000.0,1885000.0,BLS monthly series
2019-06-01,150844000,,204000.0,1876000.0,BLS monthly series
2019-07-01,150934000,,90000.0,1911000.0,BLS monthly series
2019-08-01,151155000,,221000.0,1881000.0,BLS monthly series
2019-09-01,151358000,,203000.0,1997000.0,BLS monthly series
2019-10-01,151458000,,100000.0,1933000.0,BLS monthly series
2019-11-01,151666000,,208000.0,2044000.0,BLS monthly series
2019-12-01,151792000,,126000.0,1988000.0,BLS monthly series
2020-01-01,152045000,,253000.0,1983000.0,BLS monthly series
2020-02-01,152309000,,264000.0,2242000.0,BLS monthly series
2020-03-01,150898000,,-1411000.0,604000.0,BLS monthly series
2020-04-01,130421000,,-20477000.0,-20181000.0,BLS monthly series
2020-05-01,133040000,,2619000.0,-17600000.0,BLS monthly series
2020-06-01,137655000,,4615000.0,-13189000.0,BLS monthly series
2020-07-01,139240000,,1585000.0,-11694000.0,BLS monthly series
2020-08-01,140774000,,1534000.0,-10381000.0,BLS monthly series
2020-09-01,141820000,,1046000.0,-9538000.0,BLS monthly series
2020-10-01,142493000,,673000.0,-8965000.0,BLS monthly series
2020-11-01,142761000,,268000.0,-8905000.0,BLS monthly series
2020-12-01,142518000,,-243000.0,-9274000.0,BLS monthly series
2021-01-01,142916000,,398000.0,-9129000.0,BLS monthly series
2021-02-01,143443000,,527000.0,-8866000.0,BLS monthly series
2021-03-01,144274000,,831000.0,-6624000.0,BLS monthly series
2021-04-01,144593000,,319000.0,14172000.0,BLS monthly series
2021-05-01,145044000,,451000.0,12004000.0,BLS monthly series
2021-06-01,145822000,,778000.0,8167000.0,BLS monthly series
2021-07-01,146761000,,939000.0,7521000.0,BLS monthly series
2021-08-01,147226000,,465000.0,6452000.0,BLS monthly series
2021-09-01,147706000,,480000.0,5886000.0,BLS monthly series
2021-10-01,148566000,,860000.0,6073000.0,BLS monthly series
2021-11-01,149197000,,631000.0,6436000.0,BLS monthly series
2021-12-01,149763000,,566000.0,7245000.0,BLS monthly series
2022-01-01,150014000,,251000.0,7098000.0,BLS monthly series
2022-02-01,150876000,,862000.0,7433000.0,BLS monthly series
2022-03-01,151370000,,494000.0,7096000.0,BLS monthly series
2022-04-01,151642000,,272000.0,7049000.0,BLS monthly series
2022-05-01,151928000,,286000.0,6884000.0,BLS monthly series
2022-06-01,152348000,,420000.0,6526000.0,BLS monthly series
2022-07-01,153038000,,690000.0,6277000.0,BLS monthly series
2022-08-01,153281000,,243000.0,6055000.0,BLS monthly series
2022-09-01,153536000,,255000.0,5830000.0,BLS monthly series
2022-10-01,153897000,,361000.0,5331000.0,BLS monthly series
2022-11-01,154155000,,258000.0,4958000.0,BLS monthly series
2022-12-01,154291000,,136000.0,4528000.0,BLS monthly series
2023-01-01,154773000,,482000.0,4759000.0,BLS monthly series
2023-02-01,155060000,,287000.0,4184000.0,BLS monthly series
2023-03-01,155206000,,146000.0,3836000.0,BLS monthly series
2023-04-01,155484000,,278000.0,3842000.0,BLS monthly series
2023-05-01,155787000,,303000.0,3859000.0,BLS monthly series
2023-06-01,156027000,,240000.0,3679000.0,BLS monthly series
2023-07-01,156211000,,184000.0,3173000.0,BLS monthly series
2023-08-01,156421000,,210000.0,3140000.0,BLS monthly series
2023-09-01,156667000,,246000.0,3131000.0,BLS monthly series
2023-10-01,156832000,,165000.0,2935000.0,BLS monthly series
2023-11-01,157014000,,182000.0,2859000.0,BLS monthly series
2023-12-01,157304000,,290000.0,3013000.0,BLS monthly series
2024-01-01,157560000,,256000.0,2787000.0,BLS monthly series
2024-02-01,157830000,,270000.0,2770000.0,BLS monthly series
2024-03-01,158133000,,303000.0,2927000.0,BLS monthly series
